[{"tweetid":"767087265977868288","creationdate":"Sat Aug 20 19:53:50 +0000 2016","text":"#الكويت  تحديث/ الدوري الإنكليزي: تعادل ليستر وأرسنال وسيتي يعتلي القمة وبيرنلي يحقق مفاجأة بفوزه على ليفربول ","source":"<a href=\"http://ifttt.com\" rel=\"nofollow\">IFTTT</a>","trauncated":false,"inreplytostatusid":"","inreplytouserid":"","inreplytoscreenname":"","geo":"","coordinates":"","place":"","contributors":"","isquotestatus":false,"retweetcount":0,"favoritecount":0,"favorited":false,"retweeted":false,"filterlevel":"low","lang":"ar","timestamp":"1471722830658","hashtag":"الكويت","urls":"https://t.co/kkCpsoK4l3","displayurls":"ktne.ws/bzn?utm_source…","expandedurls":"http://ktne.ws/bzn?utm_source=dlvr.it&utm_medium=twitter","usermentions":"","symbols":"","userid":"744830040349761541","name":"المجلس","screenname":"Almujlisss","location":"","url":"","description":"تجميع لاخبار الكويت والعالم في حساب واحد","protected":null,"verified":false,"followerscount":256,"friendcount":175,"statusescount":62205,"creationdate1":"Mon Jun 20 09:51:34 +0000 2016","utcoffset":"-10800","timezone":"GMT+3","geoenabled":false,"lang1":"en","contributorenabled":false,"istranslator":false,"backgroundcolor":"F5F8FA","backgroundimage":"","backgroundimagehttps":"","backgroundtile":false,"linkcolor":"2B7BB9","sidebarbordercolor":"C0DEED","sidebarfillcolor":"DDEEF6","textcolor":"333333","usebackgroundimage":true,"imageurl":"http://pbs.twimg.com/profile_images/744839757365129216/E9viMTxN_normal.jpg","imageurlhttps":"https://pbs.twimg.com/profile_images/744839757365129216/E9viMTxN_normal.jpg","defaultprofile":"True","defaultprofileimage":"False","following":"","followrequestsent":"","notifications":"","IsVerified":true}]
